{
  "source_val_total": {
    "MAE": 2.0449378490448,
    "RMSE": 5.409019947052002,
    "MAPE_pct": 10.481566190719604,
    "R2": 0.782590088115567
  },
  "target_val_total": {
    "MAE": 2.0489423274993896,
    "RMSE": 2.435157299041748,
    "MAPE_pct": 11.84755563735962,
    "R2": 0.9938553011776061
  },
  "source_val_components": {
    "PIron": {
      "MAE": 0.5925372838973999,
      "RMSE": 1.2928420305252075,
      "MAPE_pct": 61882393.75,
      "R2": 0.9304499838476561
    },
    "PCond": {
      "MAE": 0.4834524095058441,
      "RMSE": 1.0948392152786255,
      "MAPE_pct": 21.160952746868134,
      "R2": 0.8787856841657782
    },
    "PCopp": {
      "MAE": 0.2073815017938614,
      "RMSE": 0.2623819410800934,
      "MAPE_pct": 103267512.5,
      "R2": 0.9352856352635018
    },
    "PSw": {
      "MAE": 1.272868037223816,
      "RMSE": 3.1729249954223633,
      "MAPE_pct": 15.413537621498108,
      "R2": 0.8109950065450255
    }
  }
}